Date,Mkt-RF,SMB,HML,RMW,CMA,RF
07/01/1963,   -0.39,   -0.41,   -0.97,    0.68,   -1.18,    0.27
08/01/1963,    5.07,   -0.80,    1.80,    0.36,   -0.35,    0.25
09/01/1963,   -1.57,   -0.52,    0.13,   -0.71,    0.29,    0.27
10/01/1963,    2.53,   -1.39,   -0.10,    2.80,   -2.01,    0.29
11/01/1963,   -0.85,   -0.88,    1.75,   -0.51,    2.24,    0.27
12/01/1963,    1.83,   -2.10,   -0.02,    0.03,   -0.07,    0.29
01/01/1964,    2.24,    0.13,    1.48,    0.17,    1.47,    0.30
02/01/1964,    1.54,    0.28,    2.81,   -0.05,    0.91,    0.26
03/01/1964,    1.41,    1.23,    3.40,   -2.21,    3.22,    0.31
04/01/1964,    0.10,   -1.52,   -0.67,   -1.27,   -1.08,    0.29
05/01/1964,    1.42,   -0.63,    1.86,   -0.16,    0.17,    0.26
06/01/1964,    1.27,    0.29,    0.62,   -0.28,   -0.17,    0.30
07/01/1964,    1.74,    0.50,    0.75,    0.08,    1.91,    0.30
08/01/1964,   -1.44,    0.41,    0.08,    0.12,    0.35,    0.28
09/01/1964,    2.69,   -0.34,    1.70,   -0.56,    0.62,    0.28
10/01/1964,    0.59,    0.87,    1.17,   -0.43,    0.47,    0.29
11/01/1964,    0.00,   -0.15,   -1.96,    0.63,   -0.26,    0.29
12/01/1964,    0.03,   -0.69,   -2.48,    1.07,   -1.50,    0.31
01/01/1965,    3.54,    2.44,    0.12,    0.91,    0.10,    0.28
02/01/1965,    0.44,    3.31,    0.11,    0.23,   -0.68,    0.30
03/01/1965,   -1.34,    2.12,    1.03,   -0.32,    0.69,    0.36
04/01/1965,    3.11,    1.05,    0.66,    0.30,   -2.20,    0.31
05/01/1965,   -0.77,    0.10,   -1.61,   -0.45,    0.53,    0.31
06/01/1965,   -5.51,   -4.28,    0.59,    0.22,    0.37,    0.35
07/01/1965,    1.43,    1.08,    2.20,   -1.37,    0.03,    0.31
08/01/1965,    2.73,    2.71,   -1.00,    1.90,   -0.74,    0.33
09/01/1965,    2.86,    0.62,   -0.13,   -0.89,    0.80,    0.31
10/01/1965,    2.60,    3.47,    1.56,    1.17,   -0.65,    0.31
11/01/1965,   -0.03,    5.19,    0.15,   -1.01,   -0.94,    0.35
12/01/1965,    1.01,    2.66,    2.03,   -1.14,   -0.53,    0.33
01/01/1966,    0.72,    4.68,    3.56,   -2.82,   -0.11,    0.38
02/01/1966,   -1.21,    4.71,    0.33,   -0.17,   -1.49,    0.35
03/01/1966,   -2.51,    0.32,   -1.98,    1.30,    0.06,    0.38
04/01/1966,    2.14,    3.35,   -0.46,    0.39,   -0.95,    0.34
05/01/1966,   -5.66,   -5.10,   -1.63,    1.64,   -1.52,    0.41
06/01/1966,   -1.44,    1.37,    0.50,    0.15,    0.78,    0.38
07/01/1966,   -1.63,   -0.41,    0.95,   -0.36,    1.79,    0.35
08/01/1966,   -7.91,   -3.12,    0.43,   -0.09,    0.80,    0.41
09/01/1966,   -1.06,   -1.14,    0.56,   -1.68,    2.37,    0.40
10/01/1966,    3.86,   -6.45,    2.69,   -3.48,    4.25,    0.45
11/01/1966,    1.40,    3.34,   -4.69,    4.13,   -6.62,    0.40
12/01/1966,    0.13,    2.02,   -1.19,    0.70,   -0.34,    0.40
01/01/1967,    8.15,    9.10,    2.27,    0.96,   -3.16,    0.43
02/01/1967,    0.78,    3.06,   -2.22,    1.99,   -0.99,    0.36
03/01/1967,    3.99,    1.87,    0.37,    0.86,   -1.60,    0.39
04/01/1967,    3.89,    0.43,   -2.48,    2.33,   -3.67,    0.32
05/01/1967,   -4.33,    2.29,    1.09,   -1.73,    1.73,    0.33
06/01/1967,    2.41,    6.43,    0.85,   -0.62,   -2.42,    0.27
07/01/1967,    4.58,    3.54,    2.73,    0.48,    2.70,    0.31
08/01/1967,   -0.89,    0.72,    1.44,    0.30,    1.45,    0.31
09/01/1967,    3.11,    2.44,   -2.50,    0.20,   -0.95,    0.32
10/01/1967,   -3.09,    0.53,   -3.30,    1.01,   -2.62,    0.39
11/01/1967,    0.37,   -0.04,   -1.70,    1.34,   -2.34,    0.36
12/01/1967,    3.05,    5.75,   -0.53,   -0.81,    0.13,    0.33
01/01/1968,   -4.06,    4.51,    4.80,   -4.62,    6.46,    0.40
02/01/1968,   -3.75,   -2.91,    1.28,   -0.16,    2.45,    0.39
03/01/1968,    0.20,   -1.59,   -0.59,    1.05,   -1.10,    0.38
04/01/1968,    9.05,    6.18,   -1.13,    2.69,   -3.65,    0.43
05/01/1968,    2.28,    7.00,    0.85,    0.43,   -1.92,    0.45
06/01/1968,    0.69,   -0.28,    0.73,   -1.41,    2.76,    0.43
07/01/1968,   -2.72,   -1.41,    5.39,   -3.13,    3.72,    0.48
08/01/1968,    1.34,    2.27,    1.01,   -0.70,    0.48,    0.42
09/01/1968,    4.03,    2.81,    0.30,   -1.99,    0.87,    0.43
10/01/1968,    0.42,   -0.42,    2.86,   -1.32,    2.70,    0.44
11/01/1968,    5.43,    2.39,   -0.92,    0.43,   -2.43,    0.42
12/01/1968,   -3.94,    3.52,   -0.01,   -1.86,    1.76,    0.43
01/01/1969,   -1.25,   -0.44,    1.67,   -1.55,    1.38,    0.53
02/01/1969,   -5.84,   -4.16,    0.91,    2.07,    0.83,    0.46
03/01/1969,    2.64,   -0.45,   -0.51,   -1.43,   -0.35,    0.46
04/01/1969,    1.46,   -0.80,   -0.03,    0.41,    0.06,    0.53
05/01/1969,   -0.10,   -0.11,    0.70,   -0.95,    1.39,    0.48
06/01/1969,   -7.18,   -5.45,   -1.08,    4.32,   -1.60,    0.51
07/01/1969,   -7.00,   -3.41,    1.20,    1.48,    1.91,    0.53
08/01/1969,    4.68,    0.70,   -3.79,    1.13,   -4.02,    0.50
09/01/1969,   -2.98,    1.29,   -3.27,    3.39,   -0.82,    0.62
10/01/1969,    5.06,    3.96,   -3.16,    0.05,   -2.15,    0.60
11/01/1969,   -3.79,   -2.45,   -1.19,    1.46,    0.30,    0.52
12/01/1969,   -2.63,   -3.76,   -2.86,    2.54,   -1.81,    0.64
01/01/1970,   -8.10,    3.12,    3.13,   -1.72,    3.84,    0.60
02/01/1970,    5.13,   -2.76,    3.93,   -2.29,    2.76,    0.62
03/01/1970,   -1.06,   -2.41,    3.99,   -1.00,    4.29,    0.57
04/01/1970,  -11.00,   -6.40,    6.18,   -0.64,    6.21,    0.50
05/01/1970,   -6.92,   -4.48,    3.33,   -1.21,    3.90,    0.53
06/01/1970,   -5.79,   -2.20,    0.60,    0.13,    2.96,    0.58
07/01/1970,    6.93,   -0.62,    0.90,   -0.26,    1.84,    0.52
08/01/1970,    4.49,    1.52,    1.15,    0.56,   -0.21,    0.53
09/01/1970,    4.18,    8.51,   -5.47,    0.30,   -5.83,    0.54
10/01/1970,   -2.28,   -4.43,    0.22,    1.71,    2.34,    0.46
11/01/1970,    4.60,   -3.86,    1.69,    1.57,    1.47,    0.46
12/01/1970,    5.72,    2.94,    1.00,    0.27,    0.30,    0.42
01/01/1971,    4.84,    7.54,    1.33,   -1.99,    0.07,    0.38
02/01/1971,    1.41,    2.04,   -1.23,    0.62,   -0.70,    0.33
03/01/1971,    4.13,    2.26,   -3.95,    1.82,   -2.71,    0.30
04/01/1971,    3.15,   -0.36,    0.69,   -1.47,    0.87,    0.28
05/01/1971,   -3.98,   -1.11,   -1.44,    1.40,    0.25,    0.29
06/01/1971,   -0.10,   -1.48,   -1.87,    1.53,   -1.64,    0.37
07/01/1971,   -4.50,   -1.39,    0.02,    0.64,    1.46,    0.40
08/01/1971,    3.79,   -0.16,    2.63,   -0.43,    2.64,    0.47
09/01/1971,   -0.85,    0.28,   -2.91,    2.56,   -1.58,    0.37
10/01/1971,   -4.42,   -1.60,   -0.48,    1.62,   -1.35,    0.37
11/01/1971,   -0.46,   -2.86,   -1.68,    2.44,   -0.34,    0.37
12/01/1971,    8.71,    3.27,   -0.40,   -0.40,   -1.75,    0.37
01/01/1972,    2.49,    6.10,    2.24,   -1.69,    0.55,    0.29
02/01/1972,    2.87,    0.87,   -2.79,    1.61,   -0.52,    0.25
03/01/1972,    0.63,   -0.43,   -1.61,    1.63,   -0.18,    0.27
04/01/1972,    0.29,    0.23,    0.12,   -0.42,   -1.03,    0.29
05/01/1972,    1.25,   -3.10,   -2.70,    2.34,   -1.95,    0.30
06/01/1972,   -2.43,   -0.43,   -2.48,    1.88,   -0.36,    0.29
07/01/1972,   -0.80,   -2.77,    0.66,    1.14,   -0.66,    0.31
08/01/1972,    3.26,   -3.48,    4.54,   -1.96,    2.85,    0.29
09/01/1972,   -1.14,   -2.23,    0.46,    1.68,   -1.97,    0.34
10/01/1972,    0.52,   -2.54,    1.34,   -0.15,    0.02,    0.40
11/01/1972,    4.60,   -0.62,    4.85,   -1.95,    3.37,    0.37
12/01/1972,    0.62,   -1.89,   -2.19,    2.60,   -2.16,    0.37
01/01/1973,   -3.29,   -2.81,    2.68,    0.42,    0.90,    0.44
02/01/1973,   -4.85,   -3.91,    1.60,   -0.26,    0.02,    0.41
03/01/1973,   -1.30,   -2.33,    2.62,   -1.07,    0.62,    0.46
04/01/1973,   -5.68,   -2.90,    5.41,   -1.58,    2.60,    0.52
05/01/1973,   -2.94,   -6.17,    0.41,    1.95,   -1.57,    0.51
06/01/1973,   -1.57,   -2.48,    1.20,   -0.21,    0.11,    0.51
07/01/1973,    5.05,    7.26,   -5.31,   -0.05,   -3.28,    0.64
08/01/1973,   -3.82,   -1.84,    1.24,   -1.31,    1.30,    0.70
09/01/1973,    4.75,    3.60,    2.01,   -2.33,    1.77,    0.68
10/01/1973,   -0.83,   -0.38,    1.94,   -1.90,    2.71,    0.65
11/01/1973,  -12.75,   -7.28,    3.87,   -2.63,    1.73,    0.56
12/01/1973,    0.61,   -4.69,    3.85,   -2.78,    2.48,    0.64
01/01/1974,   -0.17,   10.41,    6.02,   -3.07,    4.42,    0.63
02/01/1974,   -0.47,    0.06,    2.81,   -1.87,    2.63,    0.58
03/01/1974,   -2.81,    2.65,   -0.32,    2.80,    0.44,    0.56
04/01/1974,   -5.29,   -0.70,    0.85,    2.87,    2.09,    0.75
05/01/1974,   -4.68,   -3.07,   -2.02,    4.95,   -0.42,    0.75
06/01/1974,   -2.83,    0.00,    0.77,    0.57,    2.94,    0.60
07/01/1974,   -8.05,    1.92,    5.16,   -3.25,    4.60,    0.70
08/01/1974,   -9.35,    0.26,    2.64,   -0.28,    2.59,    0.60
09/01/1974,  -11.77,    1.48,    5.58,   -4.44,    5.91,    0.81
10/01/1974,   16.10,   -6.82,   -9.87,   -0.21,   -2.86,    0.51
11/01/1974,   -4.51,   -1.48,   -0.20,   -3.37,    2.92,    0.54
12/01/1974,   -3.45,   -4.35,    0.11,   -0.68,    3.25,    0.70
01/01/1975,   13.66,   12.91,    8.28,   -0.78,   -0.90,    0.58
02/01/1975,    5.56,   -0.65,   -4.44,    1.16,   -2.10,    0.43
03/01/1975,    2.66,    4.00,    2.38,    1.26,   -1.33,    0.41
04/01/1975,    4.23,   -0.71,   -1.14,    1.41,   -1.34,    0.44
05/01/1975,    5.19,    2.89,   -4.10,   -0.98,   -0.60,    0.44
06/01/1975,    4.83,    1.43,    1.38,   -2.66,    1.06,    0.41
07/01/1975,   -6.59,    3.44,    1.69,    0.46,    1.22,    0.48
08/01/1975,   -2.85,   -2.84,   -0.95,    1.11,   -0.93,    0.48
09/01/1975,   -4.26,    0.05,    0.39,    0.53,    0.55,    0.53
10/01/1975,    5.31,   -4.23,    0.28,   -0.49,    2.26,    0.56
11/01/1975,    2.64,   -1.09,    2.03,   -0.68,    1.75,    0.41
12/01/1975,   -1.60,   -0.05,    1.69,   -0.09,    0.57,    0.48
01/01/1976,   12.16,    6.34,    8.63,   -1.79,    2.28,    0.47
02/01/1976,    0.32,    7.99,    5.87,   -2.64,    3.87,    0.34
03/01/1976,    2.32,   -1.38,   -0.12,   -0.33,    0.96,    0.40
04/01/1976,   -1.49,    0.08,   -0.16,    0.40,   -1.10,    0.42
05/01/1976,   -1.34,   -1.10,   -1.36,    2.46,   -1.41,    0.37
06/01/1976,    4.05,   -1.07,    0.71,   -0.68,    1.02,    0.43
07/01/1976,   -1.07,    0.63,    1.73,   -1.05,    0.28,    0.47
08/01/1976,   -0.56,   -1.98,    0.81,   -0.42,   -0.55,    0.42
09/01/1976,    2.07,    0.10,   -0.29,    0.98,   -1.15,    0.44
10/01/1976,   -2.42,    0.13,   -0.18,   -0.19,   -0.37,    0.41
11/01/1976,    0.36,    2.66,    1.51,   -1.41,    0.09,    0.40
12/01/1976,    5.65,    3.64,    2.27,   -0.61,    2.28,    0.40
01/01/1977,   -4.05,    5.90,    4.27,   -0.51,    1.97,    0.36
02/01/1977,   -1.94,    1.07,    0.47,   -0.16,   -0.22,    0.35
03/01/1977,   -1.37,    1.31,    1.09,   -0.30,   -0.06,    0.38
04/01/1977,    0.15,    0.61,    3.38,   -2.01,    1.14,    0.38
05/01/1977,   -1.45,    1.31,    0.85,    0.33,    0.19,    0.37
06/01/1977,    4.71,    2.08,   -0.74,    0.91,   -1.20,    0.40
07/01/1977,   -1.69,    1.88,   -0.56,    0.73,    0.09,    0.42
08/01/1977,   -1.75,    0.86,   -2.70,    0.98,   -0.66,    0.44
09/01/1977,   -0.27,    1.43,   -0.52,    1.43,   -0.84,    0.43
10/01/1977,   -4.38,    1.48,    1.75,   -0.20,   -0.30,    0.49
11/01/1977,    4.00,    3.64,    0.26,   -0.13,    0.73,    0.50
12/01/1977,    0.27,    1.59,   -0.29,    0.92,   -0.69,    0.49
01/01/1978,   -6.01,    2.72,    3.36,   -1.72,    1.52,    0.49
02/01/1978,   -1.38,    3.70,    0.83,    0.30,    1.01,    0.46
03/01/1978,    2.85,    3.71,    1.18,   -0.59,    1.89,    0.53
04/01/1978,    7.88,   -0.26,   -3.54,    2.81,   -1.26,    0.54
05/01/1978,    1.76,    4.58,   -0.52,    0.22,    0.41,    0.51
06/01/1978,   -1.69,    1.56,    0.57,   -1.40,   -0.07,    0.54
07/01/1978,    5.11,    0.12,   -1.15,    1.55,   -0.78,    0.56
08/01/1978,    3.75,    4.95,   -0.51,    1.43,    0.46,    0.56
09/01/1978,   -1.43,   -0.32,    1.89,   -0.67,    1.78,    0.62
10/01/1978,  -11.91,  -10.02,    1.38,    0.12,    0.94,    0.68
11/01/1978,    2.71,    2.81,   -2.15,    1.13,   -1.17,    0.70
12/01/1978,    0.88,    1.13,   -2.13,    2.01,   -1.32,    0.78
01/01/1979,    4.23,    3.78,    2.19,   -2.47,    1.52,    0.77
02/01/1979,   -3.56,    0.54,    1.17,   -1.12,    0.94,    0.73
03/01/1979,    5.68,    3.24,   -0.71,    0.53,    0.32,    0.81
04/01/1979,   -0.06,    2.37,    1.12,    1.08,    0.17,    0.80
05/01/1979,   -2.21,    0.18,    1.31,   -1.54,   -0.27,    0.82
06/01/1979,    3.85,    1.00,    1.44,   -1.66,   -0.52,    0.81
07/01/1979,    0.82,    1.27,    1.86,   -0.29,    0.71,    0.77
08/01/1979,    5.53,    1.92,   -1.58,    1.62,   -1.48,    0.77
09/01/1979,   -0.82,   -0.32,   -0.90,    1.01,    0.32,    0.83
10/01/1979,   -8.10,   -3.50,   -1.84,    1.01,    0.07,    0.87
11/01/1979,    5.21,    2.53,   -3.29,    0.06,   -2.12,    0.99
12/01/1979,    1.79,    4.32,   -2.10,   -0.70,   -0.92,    0.95
01/01/1980,    5.51,    1.83,    1.75,   -1.70,    1.64,    0.80
02/01/1980,   -1.22,   -1.57,    0.61,    0.04,    2.68,    0.89
03/01/1980,  -12.90,   -6.93,   -1.01,    1.46,   -1.19,    1.21
04/01/1980,    3.97,    1.05,    1.06,   -2.10,    0.29,    1.26
05/01/1980,    5.26,    2.11,    0.38,    0.34,   -0.31,    0.81
06/01/1980,    3.06,    1.41,   -0.76,   -0.15,   -1.26,    0.61
07/01/1980,    6.49,    3.82,   -6.41,    4.06,   -2.43,    0.53
08/01/1980,    1.80,    4.25,   -2.60,    2.06,   -0.86,    0.64
09/01/1980,    2.19,    0.67,   -4.59,    1.91,   -2.76,    0.75
10/01/1980,    1.06,    2.33,   -2.76,    1.65,   -1.15,    0.95
11/01/1980,    9.59,   -3.31,   -8.33,    4.50,   -5.66,    0.96
12/01/1980,   -4.52,   -0.29,    2.79,   -1.29,    1.24,    1.31
01/01/1981,   -5.04,    3.29,    6.72,   -3.51,    4.33,    1.04
02/01/1981,    0.57,   -0.50,    1.02,    0.21,    2.22,    1.07
03/01/1981,    3.56,    3.02,    0.64,   -2.24,   -0.54,    1.21
04/01/1981,   -2.11,    4.59,    2.28,    0.83,    1.24,    1.08
05/01/1981,    0.11,    2.45,   -0.42,    0.30,   -1.53,    1.15
06/01/1981,   -2.36,   -0.96,    5.13,   -1.37,    2.66,    1.35
07/01/1981,   -1.54,   -2.05,   -0.50,    1.26,   -2.54,    1.24
08/01/1981,   -7.04,   -1.81,    4.76,   -0.32,    1.41,    1.28
09/01/1981,   -7.17,   -2.45,    5.17,    0.08,    2.63,    1.24
10/01/1981,    4.92,    2.37,   -4.21,    3.15,   -3.01,    1.21
11/01/1981,    3.36,   -1.51,    1.83,    0.08,    0.95,    1.07
12/01/1981,   -3.65,    1.20,    0.81,    0.22,    2.50,    0.87
01/01/1982,   -3.24,   -1.14,    3.19,   -1.49,    1.92,    0.80
02/01/1982,   -5.86,    0.35,    6.05,   -3.48,    4.56,    0.92
03/01/1982,   -1.87,   -0.05,    3.81,   -1.38,    2.49,    0.98
04/01/1982,    3.27,    1.09,   -2.70,    1.57,   -0.01,    1.13
05/01/1982,   -3.99,    0.64,    1.75,    0.87,   -0.30,    1.06
06/01/1982,   -3.09,   -0.52,    1.53,    0.01,    2.72,    0.96
07/01/1982,   -3.19,    0.95,    0.09,    1.04,    1.55,    1.05
08/01/1982,   11.14,   -4.35,    0.95,   -1.89,    0.09,    0.76
09/01/1982,    1.29,    2.61,    0.28,    2.14,   -0.04,    0.51
10/01/1982,   11.30,    1.92,   -3.66,    0.29,   -0.34,    0.59
11/01/1982,    4.67,    4.43,   -1.87,   -0.97,    0.27,    0.63
12/01/1982,    0.55,   -0.04,   -0.02,   -0.01,    1.02,    0.67
01/01/1983,    3.60,    3.35,   -0.75,   -1.55,   -0.58,    0.69
02/01/1983,    2.59,    2.92,    0.70,   -0.52,    1.05,    0.62
03/01/1983,    2.82,    1.37,    2.02,   -0.17,    2.74,    0.63
04/01/1983,    6.67,    0.48,    0.49,   -0.11,    1.42,    0.71
05/01/1983,    0.52,    6.30,   -1.40,   -1.84,   -1.51,    0.69
06/01/1983,    3.07,    1.18,   -3.90,    2.60,   -0.87,    0.67
07/01/1983,   -4.07,    1.01,    5.62,   -0.14,    2.81,    0.74
08/01/1983,   -0.50,   -4.32,    5.54,    0.51,    1.90,    0.76
09/01/1983,    0.91,    0.30,    1.01,    1.24,    0.50,    0.76
10/01/1983,   -3.44,   -3.77,    4.97,   -0.77,    2.96,    0.76
11/01/1983,    2.16,    1.87,   -0.72,   -0.67,    0.66,    0.70
12/01/1983,   -1.78,   -0.45,    1.73,    1.64,    1.27,    0.73
01/01/1984,   -1.92,   -0.04,    7.58,   -0.89,    2.92,    0.76
02/01/1984,   -4.82,   -1.59,    3.33,    0.90,    1.58,    0.71
03/01/1984,    0.63,   -0.29,    0.46,   -0.96,    1.17,    0.73
04/01/1984,   -0.51,   -0.95,    1.20,    3.34,    0.76,    0.81
05/01/1984,   -5.97,    0.13,    0.31,    2.36,   -0.46,    0.78
06/01/1984,    1.82,    0.11,   -2.66,    3.17,   -1.56,    0.75
07/01/1984,   -2.74,   -2.22,    0.36,    3.55,   -2.15,    0.82
08/01/1984,   10.28,   -0.26,   -1.82,   -0.68,   -0.92,    0.83
09/01/1984,   -0.80,   -0.03,    5.28,    1.37,    2.41,    0.86
10/01/1984,   -0.84,   -1.44,    0.45,    1.18,   -1.09,    1.00
11/01/1984,   -1.76,   -1.02,    4.06,    0.72,    2.06,    0.73
12/01/1984,    1.84,   -0.65,   -0.26,    1.31,   -1.36,    0.64
01/01/1985,    7.99,    3.51,   -5.35,   -0.89,   -3.41,    0.65
02/01/1985,    1.22,    1.04,   -0.10,    1.29,    1.06,    0.58
03/01/1985,   -0.84,   -1.39,    4.07,    1.23,    2.88,    0.62
04/01/1985,   -0.96,   -0.10,    3.72,    1.55,    0.71,    0.72
05/01/1985,    5.09,   -2.31,   -0.96,    1.33,   -1.49,    0.66
06/01/1985,    1.27,    0.35,    0.38,    1.76,   -0.77,    0.55
07/01/1985,   -0.74,    2.87,   -1.62,   -0.42,   -0.38,    0.62
08/01/1985,   -1.02,   -0.29,    2.32,   -0.10,    1.83,    0.55
09/01/1985,   -4.54,   -1.80,    1.29,    1.14,    1.64,    0.60
10/01/1985,    4.02,   -1.50,    0.75,    0.89,   -1.06,    0.65
11/01/1985,    6.48,    0.02,   -2.85,    0.33,   -2.32,    0.61
12/01/1985,    3.88,   -0.41,   -1.54,    0.99,   -1.80,    0.65
01/01/1986,    0.65,    1.01,    0.44,   -2.00,   -2.03,    0.56
02/01/1986,    7.13,   -0.71,   -0.72,    1.06,   -1.20,    0.53
03/01/1986,    4.88,   -0.66,   -0.39,    1.21,    0.92,    0.60
04/01/1986,   -1.31,    2.84,   -2.87,    2.91,    0.03,    0.52
05/01/1986,    4.62,   -1.29,   -0.21,    2.13,    1.08,    0.49
06/01/1986,    1.03,   -0.89,    1.28,    1.80,    0.87,    0.52
07/01/1986,   -6.45,   -3.46,    4.70,   -0.54,    0.84,    0.52
08/01/1986,    6.07,   -4.35,    3.51,   -1.66,    3.21,    0.46
09/01/1986,   -8.60,    2.05,    3.22,   -0.08,    3.71,    0.45
10/01/1986,    4.66,   -2.33,   -1.42,   -0.05,    1.00,    0.46
11/01/1986,    1.17,   -1.88,   -0.07,    1.09,    0.67,    0.39
12/01/1986,   -3.27,    0.12,    0.36,    0.79,    0.09,    0.49
01/01/1987,   12.47,   -1.54,   -3.16,    0.17,   -1.00,    0.42
02/01/1987,    4.39,    3.40,   -5.91,   -0.76,   -2.66,    0.43
03/01/1987,    1.64,    0.28,    1.61,    1.36,    4.14,    0.47
04/01/1987,   -2.11,   -1.54,   -0.39,   -0.49,    1.05,    0.44
05/01/1987,    0.11,   -0.56,    0.23,    0.51,    1.14,    0.38
06/01/1987,    3.94,   -2.21,    1.04,    1.70,    0.84,    0.48
07/01/1987,    3.85,   -1.14,    0.68,   -0.61,    1.61,    0.46
08/01/1987,    3.52,   -0.94,   -0.93,    2.04,   -1.61,    0.47
09/01/1987,   -2.59,    0.38,    0.27,   -0.97,    1.87,    0.45
10/01/1987,  -23.24,   -8.07,    4.24,    2.04,    2.34,    0.60
11/01/1987,   -7.77,    2.85,    2.95,   -1.88,    0.68,    0.35
12/01/1987,    6.81,    0.06,   -4.43,    2.96,   -2.42,    0.39
01/01/1988,    4.21,   -0.51,    5.01,   -1.14,    2.13,    0.29
02/01/1988,    4.75,    3.32,   -1.71,    1.56,   -0.01,    0.46
03/01/1988,   -2.27,    6.25,    0.73,   -0.25,    1.80,    0.44
04/01/1988,    0.56,    1.16,    1.67,   -0.20,    1.92,    0.46
05/01/1988,   -0.29,   -2.56,    2.42,   -0.74,    0.33,    0.51
06/01/1988,    4.79,    2.16,   -1.24,    1.47,   -3.37,    0.49
07/01/1988,   -1.25,   -0.21,    2.22,   -0.58,    1.52,    0.51
08/01/1988,   -3.31,   -0.03,    2.15,   -0.82,    1.76,    0.59
09/01/1988,    3.30,   -1.36,   -0.75,    1.76,   -0.61,    0.62
10/01/1988,    1.15,   -2.95,    2.05,    1.30,    1.03,    0.61
11/01/1988,   -2.29,   -1.65,    1.41,   -0.28,    1.62,    0.57
12/01/1988,    1.49,    2.01,   -1.69,    0.69,   -0.38,    0.63
01/01/1989,    6.10,   -2.31,    0.60,   -0.95,    0.14,    0.55
02/01/1989,   -2.25,    2.71,    1.01,   -0.87,    1.81,    0.61
03/01/1989,    1.57,    0.68,    0.58,    0.05,    0.72,    0.67
04/01/1989,    4.33,   -0.78,   -1.42,    0.71,   -0.57,    0.67
05/01/1989,    3.35,   -0.01,   -0.88,    0.49,   -0.08,    0.79
06/01/1989,   -1.35,   -1.09,    2.25,    0.27,    1.56,    0.71
07/01/1989,    7.20,   -4.15,   -2.79,    1.98,   -0.58,    0.70
08/01/1989,    1.44,    0.48,    0.60,    0.39,   -0.58,    0.74
09/01/1989,   -0.76,    0.49,   -1.27,    1.40,    0.50,    0.65
10/01/1989,   -3.67,   -3.30,   -1.11,    0.11,   -0.04,    0.68
11/01/1989,    1.03,   -1.29,   -1.09,   -0.86,    1.41,    0.69
12/01/1989,    1.16,   -2.27,    0.16,   -0.07,    1.42,    0.61
01/01/1990,   -7.85,   -1.31,    0.85,   -1.17,    1.35,    0.57
02/01/1990,    1.11,    1.17,    0.64,   -0.03,   -0.66,    0.57
03/01/1990,    1.83,    1.62,   -2.92,    2.04,   -1.02,    0.64
04/01/1990,   -3.36,   -0.33,   -2.59,    1.78,   -0.98,    0.69
05/01/1990,    8.42,   -2.35,   -3.83,    1.57,   -1.68,    0.68
06/01/1990,   -1.09,    1.35,   -1.93,   -1.03,   -0.39,    0.63
07/01/1990,   -1.90,   -3.16,   -0.03,   -0.18,    3.21,    0.68
08/01/1990,  -10.15,   -3.87,    1.64,   -0.35,    2.96,    0.66
09/01/1990,   -6.12,   -3.74,    0.64,    0.06,    3.67,    0.60
10/01/1990,   -1.92,   -5.12,    0.10,    2.97,   -0.30,    0.68
11/01/1990,    6.35,    0.07,   -3.10,    0.65,   -4.74,    0.57
12/01/1990,    2.46,    0.67,   -1.70,    2.73,   -1.89,    0.60
01/01/1991,    4.69,    3.91,   -1.60,    1.28,   -3.99,    0.52
02/01/1991,    7.19,    3.94,   -0.58,   -0.20,   -0.33,    0.48
03/01/1991,    2.65,    3.83,   -1.39,   -0.53,   -1.06,    0.44
04/01/1991,   -0.28,    0.31,    1.50,    0.62,    0.74,    0.53
05/01/1991,    3.65,    0.14,   -0.52,    2.00,   -2.43,    0.47
06/01/1991,   -4.94,    0.24,    1.15,    1.79,    0.65,    0.42
07/01/1991,    4.24,   -0.96,   -1.32,    1.60,   -1.36,    0.49
08/01/1991,    2.32,    1.40,   -0.78,    0.84,   -0.34,    0.46
09/01/1991,   -1.59,    1.56,   -1.08,   -1.82,    0.08,    0.46
10/01/1991,    1.29,    0.91,   -0.47,   -1.70,   -0.23,    0.42
11/01/1991,   -4.19,   -0.83,   -1.89,    1.11,    0.01,    0.39
12/01/1991,   10.84,   -2.40,   -4.17,    3.55,   -3.12,    0.38
01/01/1992,   -0.59,    9.18,    4.71,   -1.32,    3.20,    0.34
02/01/1992,    1.09,    1.33,    6.47,    0.08,    2.19,    0.28
03/01/1992,   -2.66,   -0.93,    3.56,   -0.01,    1.95,    0.34
04/01/1992,    1.07,   -5.70,    4.34,    1.69,    2.23,    0.32
05/01/1992,    0.30,    0.21,    1.19,   -0.95,    0.48,    0.28
06/01/1992,   -2.34,   -2.73,    3.24,   -0.05,    1.01,    0.32
07/01/1992,    3.77,   -0.62,   -0.56,    1.30,   -0.91,    0.31
08/01/1992,   -2.38,   -0.42,   -1.10,    3.72,   -1.65,    0.26
09/01/1992,    1.19,    0.48,   -0.26,    1.64,   -0.59,    0.26
10/01/1992,    1.02,    2.07,   -1.98,    1.24,   -0.79,    0.23
11/01/1992,    4.13,    3.94,   -1.35,   -0.68,   -1.59,    0.23
12/01/1992,    1.53,    1.68,    2.62,   -0.48,    0.84,    0.28
01/01/1993,    0.93,    1.93,    5.94,   -1.84,    2.91,    0.23
02/01/1993,    0.12,   -3.45,    6.42,   -0.42,    4.13,    0.22
03/01/1993,    2.30,    0.09,    1.18,   -0.15,    0.90,    0.25
04/01/1993,   -3.05,   -0.85,    2.49,   -3.61,    1.38,    0.24
05/01/1993,    2.89,    1.90,   -3.42,   -0.12,   -1.04,    0.22
06/01/1993,    0.31,    0.13,    2.75,   -0.92,    1.21,    0.25
07/01/1993,   -0.34,    0.95,    2.85,   -1.87,    2.06,    0.24
08/01/1993,    3.71,    0.10,    0.13,   -1.54,   -0.04,    0.25
09/01/1993,   -0.12,    2.98,   -0.31,    0.24,   -0.16,    0.26
10/01/1993,    1.41,    1.89,   -2.76,    0.57,    0.60,    0.22
11/01/1993,   -1.89,   -1.27,   -0.74,    2.23,   -0.94,    0.25
12/01/1993,    1.65,    1.40,    0.32,    1.16,   -0.34,    0.23
01/01/1994,    2.87,   -0.06,    1.15,   -1.66,    1.43,    0.25
02/01/1994,   -2.55,    2.67,   -1.54,    2.14,   -1.00,    0.21
03/01/1994,   -4.78,   -1.04,    1.60,    0.69,    1.28,    0.27
04/01/1994,    0.68,   -1.01,    1.66,    1.07,    1.11,    0.27
05/01/1994,    0.58,   -2.56,    0.67,    0.60,    0.68,    0.31
06/01/1994,   -3.03,   -0.50,    1.67,    1.21,    1.47,    0.31
07/01/1994,    2.82,   -1.85,    0.58,   -0.65,    0.14,    0.28
08/01/1994,    4.01,    1.37,   -2.51,    0.95,   -1.47,    0.37
09/01/1994,   -2.31,    2.80,   -1.89,    0.52,    0.93,    0.37
10/01/1994,    1.34,   -2.30,   -1.62,    0.23,   -0.68,    0.38
11/01/1994,   -4.04,    0.07,   -0.70,    0.42,   -0.50,    0.37
12/01/1994,    0.86,    0.00,   -0.13,    0.37,    0.38,    0.44
01/01/1995,    1.80,   -3.06,    2.57,    0.17,   -0.75,    0.42
02/01/1995,    3.63,   -0.54,    1.08,    0.59,   -0.33,    0.40
03/01/1995,    2.19,   -0.51,   -2.15,   -0.17,    0.22,    0.46
04/01/1995,    2.11,   -0.22,    1.71,    0.41,    0.90,    0.44
05/01/1995,    2.90,   -2.19,    2.29,    0.39,    0.04,    0.54
06/01/1995,    2.72,    3.06,   -2.54,   -0.33,   -2.44,    0.47
07/01/1995,    3.72,    2.09,   -1.62,    0.30,   -1.65,    0.45
08/01/1995,    0.55,    1.75,    2.79,   -1.24,    1.62,    0.47
09/01/1995,    3.35,   -1.88,   -0.04,    1.03,    0.36,    0.43
10/01/1995,   -1.52,   -4.04,   -0.50,    1.91,   -0.05,    0.47
11/01/1995,    3.96,   -1.07,    0.51,   -0.62,    1.12,    0.42
12/01/1995,    1.03,    0.72,    0.22,   -1.37,    3.10,    0.49
01/01/1996,    2.26,   -2.56,    0.38,    0.18,    2.31,    0.43
02/01/1996,    1.33,    1.77,   -1.08,    0.24,   -1.90,    0.39
03/01/1996,    0.73,    1.61,    0.35,    1.42,   -0.95,    0.39
04/01/1996,    2.06,    4.71,   -4.02,   -0.14,   -2.11,    0.46
05/01/1996,    2.36,    3.21,   -0.83,    0.12,   -0.30,    0.42
06/01/1996,   -1.14,   -3.65,    2.35,    3.51,    1.22,    0.40
07/01/1996,   -5.97,   -3.81,    5.14,    2.95,    2.60,    0.45
08/01/1996,    2.77,    2.57,   -0.74,   -0.37,   -2.42,    0.41
09/01/1996,    5.01,   -1.39,   -2.72,    1.27,   -2.22,    0.44
10/01/1996,    0.86,   -3.77,    4.94,    1.40,    3.25,    0.42
11/01/1996,    6.25,   -3.80,    1.39,    2.12,   -0.79,    0.41
12/01/1996,   -1.70,    3.25,    1.31,    0.37,    1.49,    0.46
01/01/1997,    4.99,   -1.82,   -1.42,    1.19,   -0.02,    0.45
02/01/1997,   -0.49,   -2.59,    5.67,    0.67,    3.47,    0.39
03/01/1997,   -5.03,   -0.43,    3.39,    0.50,    1.66,    0.43
04/01/1997,    4.04,   -5.70,    0.07,    3.26,   -0.72,    0.43
05/01/1997,    6.74,    4.75,   -4.13,   -1.02,   -2.96,    0.49
06/01/1997,    4.10,    1.19,    1.58,    0.56,    0.66,    0.37
07/01/1997,    7.33,   -2.76,    0.26,    0.07,   -2.58,    0.43
08/01/1997,   -4.15,    7.61,    1.18,   -1.11,   -0.04,    0.41
09/01/1997,    5.35,    2.49,    0.37,   -1.63,   -0.91,    0.44
10/01/1997,   -3.80,   -0.52,    2.27,    1.00,    1.94,    0.42
11/01/1997,    2.98,   -5.11,    1.20,    2.81,    1.84,    0.39
12/01/1997,    1.32,   -2.03,    3.84,    0.74,    1.92,    0.48
01/01/1998,    0.15,   -1.36,   -1.63,    0.87,   -0.73,    0.43
02/01/1998,    7.04,    0.20,   -0.85,   -0.31,   -2.54,    0.39
03/01/1998,    4.76,   -0.65,    1.39,   -0.26,   -0.37,    0.39
04/01/1998,    0.73,    0.00,    0.94,   -1.69,   -0.36,    0.43
05/01/1998,   -3.07,   -2.95,    3.44,    1.10,    2.61,    0.40
06/01/1998,    3.18,   -3.66,   -1.96,   -0.26,   -2.97,    0.41
07/01/1998,   -2.46,   -5.27,   -1.78,    1.74,    0.45,    0.40
08/01/1998,  -16.08,   -5.17,    3.53,    3.37,    5.91,    0.43
09/01/1998,    6.15,   -0.78,   -3.42,   -1.88,   -2.99,    0.46
10/01/1998,    7.13,   -3.43,   -2.23,    0.93,    0.31,    0.32
11/01/1998,    6.10,    0.75,   -3.25,   -0.86,   -1.18,    0.31
12/01/1998,    6.16,   -1.56,   -4.19,   -0.76,   -3.39,    0.38
01/01/1999,    3.50,   -0.75,   -4.60,   -2.77,   -6.80,    0.35
02/01/1999,   -4.08,   -5.22,    1.92,   -1.23,    4.10,    0.35
03/01/1999,    3.45,   -4.23,   -2.74,   -4.07,   -1.42,    0.43
04/01/1999,    4.33,    4.52,    2.46,   -2.53,    0.89,    0.37
05/01/1999,   -2.46,    3.71,    2.35,    0.93,    3.34,    0.34
06/01/1999,    4.77,    2.29,   -3.19,    1.13,   -3.21,    0.40
07/01/1999,   -3.49,    2.57,   -0.44,    0.36,    3.22,    0.38
08/01/1999,   -1.38,   -1.73,   -1.87,   -0.24,    0.64,    0.39
09/01/1999,   -2.79,    2.59,   -3.49,   -0.75,   -1.23,    0.39
10/01/1999,    6.12,   -6.91,   -3.37,   -1.74,   -1.19,    0.39
11/01/1999,    3.37,    5.80,   -6.12,   -4.28,   -1.74,    0.36
12/01/1999,    7.72,    5.39,   -8.33,   -7.60,   -5.63,    0.44
01/01/2000,   -4.74,    4.42,   -1.88,   -6.29,    4.72,    0.41
02/01/2000,    2.45,   18.28,   -9.59,  -18.65,   -0.48,    0.43
03/01/2000,    5.20,  -15.32,    8.13,   11.79,   -1.59,    0.47
04/01/2000,   -6.40,   -5.01,    7.26,    7.66,    5.65,    0.46
05/01/2000,   -4.42,   -3.81,    4.75,    4.13,    1.37,    0.50
06/01/2000,    4.64,    9.92,   -8.42,   -8.31,   -2.95,    0.40
07/01/2000,   -2.51,   -1.03,    8.31,    5.83,    2.94,    0.48
08/01/2000,    7.03,   -1.03,   -1.39,   -3.22,    1.10,    0.50
09/01/2000,   -5.45,    0.19,    7.17,    2.56,    5.53,    0.51
10/01/2000,   -2.76,   -2.65,    5.71,    9.61,    3.80,    0.56
11/01/2000,  -10.72,   -0.58,   12.30,   13.07,    8.43,    0.51
12/01/2000,    1.19,    3.26,    7.61,    1.71,    4.79,    0.50
01/01/2001,    3.13,    5.48,   -5.07,   -4.69,   -5.03,    0.54
02/01/2001,  -10.05,    2.83,   12.47,    9.10,    9.07,    0.38
03/01/2001,   -7.26,    2.33,    6.42,    3.35,    3.92,    0.42
04/01/2001,    7.94,   -0.86,   -4.67,   -3.06,   -3.20,    0.39
05/01/2001,    0.72,    3.60,    3.36,    0.25,    1.91,    0.32
06/01/2001,   -1.94,    6.57,   -1.12,    1.60,   -1.51,    0.28
07/01/2001,   -2.13,   -2.82,    5.21,    7.42,    3.07,    0.30
08/01/2001,   -6.46,    2.71,    2.31,    4.05,    6.57,    0.31
09/01/2001,   -9.25,   -5.73,    1.45,    4.99,    3.21,    0.28
10/01/2001,    2.46,    5.27,   -7.65,   -2.98,   -4.55,    0.22
11/01/2001,    7.54,   -0.31,    2.21,   -3.73,   -1.61,    0.17
12/01/2001,    1.60,    5.16,    0.84,    0.34,   -0.26,    0.15
01/01/2002,   -1.44,    1.26,    3.44,    4.69,    2.84,    0.14
02/01/2002,   -2.29,   -0.36,    2.16,    8.07,    5.11,    0.13
03/01/2002,    4.24,    4.25,    1.06,   -1.78,    0.58,    0.13
04/01/2002,   -5.20,    6.72,    3.88,    4.56,    5.38,    0.15
05/01/2002,   -1.38,   -3.02,    1.53,    2.36,    2.44,    0.14
06/01/2002,   -7.21,    3.89,   -0.05,    3.93,    2.51,    0.13
07/01/2002,   -8.18,   -6.43,   -3.85,    3.79,   -0.99,    0.15
08/01/2002,    0.50,   -1.31,    3.28,    1.36,   -1.47,    0.14
09/01/2002,  -10.35,    3.08,    1.47,    3.29,   -2.19,    0.14
10/01/2002,    7.84,   -4.31,   -3.95,   -3.39,    0.76,    0.14
11/01/2002,    5.96,    2.91,   -1.23,   -9.20,    5.15,    0.12
12/01/2002,   -5.76,    0.62,    2.14,    6.29,   -1.68,    0.11
01/01/2003,   -2.57,    0.70,   -0.83,   -0.99,    0.69,    0.10
02/01/2003,   -1.88,   -0.93,   -1.39,    0.83,   -0.62,    0.09
03/01/2003,    1.09,    0.65,   -1.93,    1.87,   -0.77,    0.10
04/01/2003,    8.22,    1.02,    1.14,   -4.68,    1.06,    0.10
05/01/2003,    6.05,    4.81,    0.40,   -7.00,    2.91,    0.09
06/01/2003,    1.42,    1.66,    0.11,    0.51,   -0.38,    0.10
07/01/2003,    2.35,    4.54,   -1.24,   -4.14,    1.78,    0.07
08/01/2003,    2.34,    2.48,    1.53,   -2.25,    2.14,    0.07
09/01/2003,   -1.24,    0.54,    0.16,    1.01,    0.34,    0.08
10/01/2003,    6.08,    2.71,    1.97,   -1.35,    1.55,    0.07
11/01/2003,    1.35,    2.33,    1.78,    0.19,    1.81,    0.07
12/01/2003,    4.29,   -2.49,    1.60,    0.56,    0.94,    0.08
01/01/2004,    2.15,    2.45,    2.49,   -3.66,    3.38,    0.07
02/01/2004,    1.40,   -0.93,    0.90,    2.17,   -1.21,    0.06
03/01/2004,   -1.32,    2.10,    0.27,    1.56,   -0.98,    0.09
04/01/2004,   -1.83,   -2.01,   -3.10,    3.45,   -2.84,    0.08
05/01/2004,    1.17,   -0.38,   -0.25,   -1.18,    0.03,    0.06
06/01/2004,    1.86,    2.56,    1.18,    1.20,   -0.39,    0.08
07/01/2004,   -4.06,   -2.95,    3.24,    5.32,   -1.66,    0.10
08/01/2004,    0.08,   -1.13,    0.97,    1.23,   -1.47,    0.11
09/01/2004,    1.60,    3.27,    0.00,   -1.49,   -1.88,    0.11
10/01/2004,    1.43,    0.19,   -0.22,   -0.52,    0.49,    0.11
11/01/2004,    4.54,    4.11,    1.41,   -0.58,   -0.22,    0.15
12/01/2004,    3.43,   -0.05,   -0.22,   -1.16,    0.46,    0.16
01/01/2005,   -2.76,   -1.17,    2.06,    2.74,   -1.46,    0.16
02/01/2005,    1.89,   -0.31,    1.54,    1.43,   -0.05,    0.16
03/01/2005,   -1.97,   -1.42,    2.04,    0.47,    1.29,    0.21
04/01/2005,   -2.61,   -3.98,    0.07,    0.97,   -0.94,    0.21
05/01/2005,    3.65,    2.79,   -0.64,   -1.00,    0.30,    0.24
06/01/2005,    0.57,    3.28,    2.83,    0.96,   -0.51,    0.23
07/01/2005,    3.92,    2.81,   -0.79,   -1.19,   -0.82,    0.24
08/01/2005,   -1.22,   -0.89,    1.32,   -2.05,    0.37,    0.30
09/01/2005,    0.49,   -0.34,    0.71,    0.27,   -0.60,    0.29
10/01/2005,   -2.02,   -1.45,    0.42,   -0.93,   -1.30,    0.27
11/01/2005,    3.61,    0.84,   -1.16,   -0.76,   -1.14,    0.31
12/01/2005,   -0.25,   -0.20,    0.20,    0.21,    0.23,    0.32
01/01/2006,    3.04,    5.75,    1.08,   -0.64,   -0.46,    0.35
02/01/2006,   -0.30,   -0.42,   -0.34,   -0.51,    1.91,    0.34
03/01/2006,    1.46,    3.38,    0.60,    0.06,   -0.41,    0.37
04/01/2006,    0.73,   -0.84,    2.34,    1.80,    0.01,    0.36
05/01/2006,   -3.57,   -2.85,    2.41,    1.15,    1.46,    0.43
06/01/2006,   -0.35,   -0.24,    0.85,    1.32,   -0.07,    0.40
07/01/2006,   -0.78,   -3.63,    2.60,    1.63,    0.90,    0.40
08/01/2006,    2.03,    0.44,   -2.06,   -1.86,    2.09,    0.42
09/01/2006,    1.84,   -1.46,    0.08,    0.82,    0.60,    0.41
10/01/2006,    3.23,    1.98,   -0.31,   -0.12,    0.28,    0.41
11/01/2006,    1.71,    0.71,    0.14,    0.15,   -0.80,    0.42
12/01/2006,    0.87,   -0.81,    2.73,   -0.72,    2.06,    0.40
01/01/2007,    1.40,    0.07,   -0.68,    0.25,    0.38,    0.44
02/01/2007,   -1.96,    1.29,   -0.14,   -0.51,   -0.71,    0.38
03/01/2007,    0.68,    0.20,   -0.97,    0.64,   -0.65,    0.43
04/01/2007,    3.49,   -2.04,   -1.45,    1.15,    1.03,    0.44
05/01/2007,    3.24,    0.40,   -0.65,    1.58,   -1.36,    0.41
06/01/2007,   -1.96,    0.74,   -1.05,    0.53,    0.08,    0.40
07/01/2007,   -3.73,   -2.99,   -3.71,    0.20,   -1.13,    0.40
08/01/2007,    0.92,   -0.37,   -1.86,   -1.21,   -0.53,    0.42
09/01/2007,    3.22,   -2.44,   -2.21,   -0.52,   -3.02,    0.32
10/01/2007,    1.80,   -0.08,   -2.98,   -0.30,   -0.09,    0.32
11/01/2007,   -4.83,   -3.02,   -0.94,    1.89,   -0.29,    0.34
12/01/2007,   -0.87,    0.15,   -0.55,    0.87,   -1.05,    0.27
01/01/2008,   -6.36,   -0.65,    3.97,    2.14,    2.14,    0.21
02/01/2008,   -3.09,   -0.66,   -0.84,    0.88,   -0.93,    0.13
03/01/2008,   -0.93,    0.56,    0.30,    0.79,    0.50,    0.17
04/01/2008,    4.60,   -1.20,   -0.94,    1.64,   -2.47,    0.18
05/01/2008,    1.86,    3.02,   -1.43,    0.93,   -0.06,    0.18
06/01/2008,   -8.44,    1.18,   -2.71,    4.96,   -0.55,    0.17
07/01/2008,   -0.77,    3.72,    5.42,   -1.37,    1.08,    0.15
08/01/2008,    1.53,    3.46,    1.59,    1.86,    0.84,    0.13
09/01/2008,   -9.24,    0.25,    5.91,    2.41,    1.78,    0.15
10/01/2008,  -17.23,   -3.34,   -2.30,    3.04,    2.05,    0.08
11/01/2008,   -7.86,   -3.89,   -6.31,    4.53,    2.75,    0.03
12/01/2008,    1.74,    3.29,    0.14,    0.06,   -1.49,    0.00
01/01/2009,   -8.12,   -2.14,  -11.29,    0.18,   -1.17,    0.00
02/01/2009,  -10.10,   -1.32,   -6.95,    1.19,   -1.02,    0.01
03/01/2009,    8.95,    0.67,    3.47,   -2.52,   -2.25,    0.02
04/01/2009,   10.18,    7.13,    5.36,    1.31,    0.13,    0.01
05/01/2009,    5.21,   -2.32,    0.28,   -0.78,   -2.17,    0.00
06/01/2009,    0.43,    2.29,   -2.73,   -1.41,   -0.33,    0.01
07/01/2009,    7.72,    2.39,    4.83,   -0.46,    3.14,    0.01
08/01/2009,    3.33,   -0.09,    7.63,   -3.02,    3.34,    0.01
09/01/2009,    4.08,    2.73,    1.05,    1.31,    0.36,    0.01
10/01/2009,   -2.59,   -4.93,   -4.21,    4.17,   -1.51,    0.00
11/01/2009,    5.56,   -2.68,   -0.34,    1.00,    0.12,    0.00
12/01/2009,    2.75,    6.24,   -0.17,    1.02,   -0.09,    0.01
01/01/2010,   -3.36,    0.34,    0.43,   -1.27,    0.46,    0.00
02/01/2010,    3.40,    1.51,    3.23,   -0.27,    1.43,    0.00
03/01/2010,    6.31,    1.85,    2.21,   -0.65,    1.69,    0.01
04/01/2010,    2.00,    4.98,    2.89,    0.69,    1.72,    0.01
05/01/2010,   -7.89,    0.04,   -2.44,    1.30,   -0.21,    0.01
06/01/2010,   -5.57,   -2.47,   -4.70,   -0.16,   -1.55,    0.01
07/01/2010,    6.93,    0.12,   -0.31,    0.24,    2.01,    0.01
08/01/2010,   -4.77,   -3.15,   -1.90,    0.53,   -1.59,    0.01
09/01/2010,    9.54,    3.75,   -3.16,   -0.21,    0.38,    0.01
10/01/2010,    3.88,    0.80,   -2.43,    1.19,   -0.26,    0.01
11/01/2010,    0.60,    3.67,   -0.96,    0.45,    1.59,    0.01
12/01/2010,    6.82,    1.03,    3.70,   -3.44,    3.16,    0.01
01/01/2011,    1.99,   -2.43,    0.83,   -0.76,    0.83,    0.01
02/01/2011,    3.49,    1.65,    1.27,   -1.94,    0.88,    0.01
03/01/2011,    0.46,    2.62,   -1.83,    1.76,   -0.03,    0.01
04/01/2011,    2.90,   -0.55,   -2.43,    1.01,   -0.80,    0.00
05/01/2011,   -1.27,   -0.63,   -2.12,    2.08,   -1.59,    0.00
06/01/2011,   -1.75,    0.16,   -0.42,    2.49,   -1.53,    0.00
07/01/2011,   -2.35,   -1.20,   -0.90,    2.68,   -1.81,    0.00
08/01/2011,   -5.99,   -3.20,   -2.36,    3.30,   -0.38,    0.01
09/01/2011,   -7.59,   -3.66,   -1.72,    2.04,    0.24,    0.00
10/01/2011,   11.35,    3.46,    0.10,   -2.16,   -0.86,    0.00
11/01/2011,   -0.28,   -0.28,   -0.46,    1.86,    1.49,    0.00
12/01/2011,    0.74,   -0.33,    1.63,    0.98,    2.52,    0.00
01/01/2012,    5.05,    2.06,   -0.97,   -2.01,   -1.43,    0.00
02/01/2012,    4.42,   -1.71,    0.43,   -0.48,   -0.01,    0.00
03/01/2012,    3.11,   -0.47,    1.14,   -0.54,    0.74,    0.00
04/01/2012,   -0.85,   -0.55,   -0.78,    1.30,    0.65,    0.00
05/01/2012,   -6.19,   -0.12,   -1.07,    2.08,    2.31,    0.01
06/01/2012,    3.89,    0.84,    0.62,   -1.09,    0.46,    0.00
07/01/2012,    0.79,   -2.78,   -0.02,    1.10,    0.05,    0.00
08/01/2012,    2.55,    0.44,    1.30,   -1.33,   -0.84,    0.01
09/01/2012,    2.73,    0.61,    1.60,   -1.49,    1.55,    0.01
10/01/2012,   -1.76,   -0.89,    3.59,   -1.34,    2.50,    0.01
11/01/2012,    0.78,    0.46,   -0.84,    0.60,    0.84,    0.01
12/01/2012,    1.18,    1.89,    3.51,   -1.85,    0.91,    0.01
01/01/2013,    5.57,    0.48,    0.96,   -1.93,    1.41,    0.00
02/01/2013,    1.29,   -0.25,    0.11,   -0.67,    0.52,    0.00
03/01/2013,    4.03,    0.85,   -0.19,    0.14,    1.38,    0.00
04/01/2013,    1.55,   -2.25,    0.45,    0.27,    0.37,    0.00
05/01/2013,    2.80,    2.06,    2.63,   -1.97,   -0.87,    0.00
06/01/2013,   -1.20,    1.57,    0.03,   -0.38,    0.00,    0.00
07/01/2013,    5.65,    1.81,    0.57,   -1.35,    0.51,    0.00
08/01/2013,   -2.71,   -0.06,   -2.69,    0.66,   -2.16,    0.00
09/01/2013,    3.77,    2.63,   -1.22,   -0.58,   -1.36,    0.00
10/01/2013,    4.18,   -1.48,    1.25,    2.78,    0.87,    0.00
11/01/2013,    3.13,    1.41,    0.32,    0.14,    0.04,    0.00
12/01/2013,    2.81,   -0.45,   -0.02,   -0.46,    0.09,    0.00
01/01/2014,   -3.32,    0.58,   -2.07,   -3.88,   -1.42,    0.00
02/01/2014,    4.65,    0.14,   -0.31,   -0.23,   -0.45,    0.00
03/01/2014,    0.43,   -1.09,    4.93,    2.13,    1.92,    0.00
04/01/2014,   -0.19,   -4.12,    1.17,    3.48,    1.02,    0.00
05/01/2014,    2.06,   -1.89,   -0.13,    0.05,   -1.00,    0.00
06/01/2014,    2.61,    3.11,   -0.70,   -1.89,   -2.00,    0.00
07/01/2014,   -2.04,   -4.29,    0.03,    0.89,    0.52,    0.00
08/01/2014,    4.24,    0.31,   -0.45,   -0.64,   -0.70,    0.00
09/01/2014,   -1.97,   -3.72,   -1.34,    1.30,   -0.51,    0.00
10/01/2014,    2.52,    3.73,   -1.81,   -0.57,   -0.11,    0.00
11/01/2014,    2.55,   -2.28,   -3.09,    1.50,    0.27,    0.00
12/01/2014,   -0.06,    2.86,    2.27,   -1.22,    0.96,    0.00
01/01/2015,   -3.11,   -0.92,   -3.58,    1.61,   -1.65,    0.00
02/01/2015,    6.13,    0.32,   -1.86,   -1.12,   -1.82,    0.00
03/01/2015,   -1.12,    3.07,   -0.37,    0.09,   -0.52,    0.00
04/01/2015,    0.59,   -3.09,    1.82,    0.06,   -0.61,    0.00
05/01/2015,    1.36,    0.83,   -1.14,   -1.79,   -0.74,    0.00
06/01/2015,   -1.53,    2.90,   -0.79,    0.44,   -1.58,    0.00
07/01/2015,    1.54,   -4.55,   -4.13,    0.30,   -2.41,    0.00
08/01/2015,   -6.04,    0.25,    2.77,    0.68,    1.19,    0.00
09/01/2015,   -3.07,   -2.79,    0.56,    1.77,   -0.58,    0.00
10/01/2015,    7.75,   -2.07,   -0.46,    0.88,    0.52,    0.00
11/01/2015,    0.56,    3.31,   -0.42,   -2.75,   -0.99,    0.00
12/01/2015,   -2.17,   -2.99,   -2.61,    0.50,   -0.02,    0.01
01/01/2016,   -5.77,   -3.47,    2.09,    2.82,    3.08,    0.01
02/01/2016,   -0.07,    0.88,   -0.57,    3.25,    2.02,    0.02
03/01/2016,    6.96,    1.07,    1.19,    0.77,   -0.08,    0.02
04/01/2016,    0.91,    1.23,    3.28,   -2.97,    1.90,    0.01
05/01/2016,    1.78,   -0.61,   -1.66,   -1.09,   -2.48,    0.01
06/01/2016,   -0.05,    0.45,   -1.48,    1.40,    1.94,    0.02
07/01/2016,    3.95,    2.48,   -1.32,    1.26,   -1.18,    0.02
08/01/2016,    0.49,    1.68,    3.18,   -1.85,   -0.34,    0.02
09/01/2016,    0.25,    1.85,   -1.24,   -2.21,    0.03,    0.02
10/01/2016,   -2.02,   -4.02,    4.09,    0.93,    0.28,    0.02
11/01/2016,    4.86,    7.07,    8.21,   -0.18,    3.70,    0.01
12/01/2016,    1.82,    0.41,    3.53,    1.22,   -0.23,    0.03
01/01/2017,    1.94,   -1.46,   -2.75,   -0.49,   -0.99,    0.04
02/01/2017,    3.57,   -2.22,   -1.67,    0.47,   -1.83,    0.04
03/01/2017,    0.17,    0.74,   -3.35,    0.61,   -0.94,    0.03
04/01/2017,    1.09,    0.48,   -2.13,    1.90,   -1.60,    0.05
05/01/2017,    1.06,   -3.06,   -3.78,    0.95,   -1.79,    0.06
06/01/2017,    0.78,    2.58,    1.48,   -2.22,    0.00,    0.06
07/01/2017,    1.87,   -1.69,   -0.31,   -0.64,   -0.20,    0.07
08/01/2017,    0.16,   -1.82,   -2.09,    0.14,   -2.38,    0.09
09/01/2017,    2.51,    4.78,    3.14,   -1.47,    1.69,    0.09
10/01/2017,    2.25,   -1.94,    0.20,    0.93,   -3.25,    0.09
11/01/2017,    3.12,   -0.33,   -0.03,    3.16,   -0.05,    0.08
12/01/2017,    1.06,   -1.07,    0.06,    0.74,    1.69,    0.09
01/01/2018,    5.57,   -3.18,   -1.29,   -0.76,   -0.96,    0.12
02/01/2018,   -3.65,    0.32,   -1.04,    0.52,   -2.37,    0.11
03/01/2018,   -2.35,    3.59,   -0.21,   -0.46,    0.01,    0.11
04/01/2018,    0.28,    0.93,    0.54,   -2.42,    1.30,    0.14
05/01/2018,    2.65,    4.73,   -3.20,   -2.04,   -1.50,    0.14
06/01/2018,    0.48,    0.80,   -2.34,    0.79,    0.24,    0.14
07/01/2018,    3.19,   -1.93,    0.47,    1.56,    0.35,    0.16
08/01/2018,    3.44,    0.64,   -3.94,   -0.31,   -2.70,    0.16
09/01/2018,    0.06,   -2.48,   -1.70,    0.63,    1.29,    0.15
10/01/2018,   -7.68,   -4.46,    3.40,    0.94,    3.59,    0.19
11/01/2018,    1.69,   -0.77,    0.30,   -0.55,    0.39,    0.18
12/01/2018,   -9.57,   -2.88,   -1.84,   -0.02,    0.21,    0.20
01/01/2019,    8.40,    3.03,   -0.46,   -0.80,   -1.51,    0.21
02/01/2019,    3.40,    1.74,   -2.67,    0.12,   -1.59,    0.18
03/01/2019,    1.10,   -3.51,   -4.17,    0.90,   -0.95,    0.19
04/01/2019,    3.97,   -1.17,    2.15,    1.61,   -2.22,    0.21
05/01/2019,   -6.94,   -1.59,   -2.37,   -0.46,    1.77,    0.21
06/01/2019,    6.93,    0.37,   -0.71,    0.90,   -0.44,    0.18
07/01/2019,    1.19,   -1.78,    0.48,   -0.08,    0.36,    0.19
08/01/2019,   -2.58,   -3.24,   -4.78,    0.56,   -0.68,    0.16
09/01/2019,    1.43,    0.27,    6.75,    1.84,    3.37,    0.18
10/01/2019,    2.06,    0.26,   -1.91,    0.44,   -0.96,    0.16
11/01/2019,    3.87,    0.44,   -2.02,   -1.59,   -1.24,    0.12
12/01/2019,    2.77,    0.97,    1.75,    0.01,    1.24,    0.14
01/01/2020,   -0.11,   -4.38,   -6.25,   -1.17,   -2.32,    0.13
02/01/2020,   -8.13,    0.04,   -3.81,   -1.47,   -2.51,    0.12
03/01/2020,  -13.39,   -8.28,  -13.87,   -1.57,    1.24,    0.13
04/01/2020,   13.65,    2.56,   -1.33,    2.72,   -1.00,    0.00
05/01/2020,    5.58,    1.97,   -4.88,    0.95,   -3.26,    0.01
06/01/2020,    2.46,    1.96,   -2.20,    0.09,    0.54,    0.01
07/01/2020,    5.77,   -3.20,   -1.41,    0.41,    1.02,    0.01
08/01/2020,    7.63,   -0.89,   -2.97,    4.28,   -1.19,    0.01
09/01/2020,   -3.63,    0.01,   -2.71,   -1.36,   -1.85,    0.01
10/01/2020,   -2.10,    4.64,    4.25,   -0.83,   -0.78,    0.01
11/01/2020,   12.47,    7.11,    2.09,   -2.20,    1.40,    0.01
12/01/2020,    4.63,    4.79,   -1.51,   -1.96,   -0.12,    0.01
01/01/2021,   -0.03,    6.94,    3.01,   -3.78,    4.94,    0.01
02/01/2021,    2.78,    4.54,    7.15,    0.39,   -1.94,    0.00
03/01/2021,    3.08,   -0.88,    7.39,    6.36,    3.42,    0.00
04/01/2021,    4.93,   -3.16,   -0.95,    2.44,   -2.70,    0.00
05/01/2021,    0.29,    1.22,    7.09,    2.45,    3.04,    0.00
06/01/2021,    2.75,   -0.34,   -7.87,   -2.14,   -0.94,    0.00
07/01/2021,    1.27,   -4.61,   -1.78,    5.46,   -0.52,    0.00
08/01/2021,    2.91,   -0.68,   -0.15,   -0.28,   -1.79,    0.00
09/01/2021,   -4.37,    1.12,    5.08,   -1.96,    2.10,    0.00
10/01/2021,    6.65,   -2.70,   -0.49,    1.66,   -1.45,    0.00
11/01/2021,   -1.55,   -1.77,   -0.45,    7.20,    1.73,    0.00
12/01/2021,    3.10,   -0.80,    3.26,    4.91,    4.40,    0.01
01/01/2022,   -6.25,   -4.06,   12.75,    0.84,    7.72,    0.00
02/01/2022,   -2.29,    2.92,    3.08,   -2.09,    3.12,    0.00
03/01/2022,    3.05,   -2.17,   -1.81,   -1.53,    3.14,    0.01
04/01/2022,   -9.46,   -0.39,    6.17,    3.52,    5.89,    0.01
05/01/2022,   -0.34,   -0.06,    8.39,    1.56,    3.97,    0.03
06/01/2022,   -8.43,    1.30,   -5.97,    1.81,   -4.69,    0.06
07/01/2022,    9.57,    1.82,   -4.05,    0.82,   -6.83,    0.08
08/01/2022,   -3.77,    1.52,    0.29,   -4.75,    1.29,    0.19
09/01/2022,   -9.35,   -1.05,    0.05,   -1.51,   -0.80,    0.19
10/01/2022,    7.83,    1.89,    8.01,    3.34,    6.64,    0.23
11/01/2022,    4.60,   -2.74,    1.38,    6.38,    3.18,    0.29
12/01/2022,   -6.41,   -0.15,    1.37,    0.25,    4.20,    0.33
01/01/2023,    6.65,    4.41,   -4.01,   -2.44,   -4.47,    0.35
02/01/2023,   -2.58,    0.66,   -0.81,    1.01,   -1.33,    0.34
03/01/2023,    2.51,   -6.94,   -8.85,    2.24,   -2.37,    0.36
04/01/2023,    0.61,   -2.56,   -0.04,    2.42,    2.86,    0.35
05/01/2023,    0.35,   -0.38,   -7.72,   -1.81,   -7.22,    0.36
06/01/2023,    6.46,    1.34,   -0.26,    2.18,   -1.62,    0.40
07/01/2023,    3.21,    2.86,    4.11,   -0.57,    0.57,    0.45
08/01/2023,   -2.39,   -3.65,   -1.06,    3.43,   -2.37,    0.45
09/01/2023,   -5.24,   -1.80,    1.52,    1.86,   -0.83,    0.43
10/01/2023,   -3.19,   -4.04,    0.19,    2.46,   -0.66,    0.47
11/01/2023,    8.84,   -0.12,    1.64,   -3.91,   -1.00,    0.44
12/01/2023,    4.85,    7.32,    4.93,   -3.06,    1.32,    0.43
01/01/2024,    0.70,   -5.73,   -2.39,    0.68,   -0.95,    0.47